,Title,Published,Summary,Link,Source,Country
0,Liverpool parade crash suspect to appear in court,"Fri, 30 May 2025 04:08:39 GMT",Ex-Royal Marine Paul Doyle was charged on Thursday after 79 people were injured when a car hit fans.,https://www.bbc.com/news/articles/crk2l00p3r2o,BBC News,UK
1,"Trump tariffs can stay in place for now, appeals court rules","Fri, 30 May 2025 01:41:36 GMT","The president's signature import taxes win a legal reprieve, as the White House rails against ""activist judges"".",https://www.bbc.com/news/articles/c93ywvl7yy5o,BBC News,UK
2,Where does court ruling leave Trump's tariff agenda?,"Thu, 29 May 2025 23:10:30 GMT",BBC Verify examines what the latest development means for US and global trade.,https://www.bbc.com/news/articles/c89p8d574d4o,BBC News,UK
3,How the West is helping Russia to fund its war on Ukraine,"Thu, 29 May 2025 23:01:27 GMT",Data shows that Russian fossil fuel revenues are three times higher than aid allocated to Ukraine.,https://www.bbc.com/news/articles/cdxk454kxz8o,BBC News,UK
4,Banksy reveals lighthouse artwork - but keeps fans in dark about location,"Thu, 29 May 2025 19:11:34 GMT",The latest piece of street art depicts the shadow of a lighthouse emerging out of a bollard.,https://www.bbc.com/news/articles/c331m8prmd1o,BBC News,UK
5,"UK's muddy saltmarshes vital to tackle climate change, report finds","Fri, 30 May 2025 06:10:22 GMT","The UK's saltmarshes lock away climate-warming greenhouse gases in layers of mud, a new report from WWF says.",https://www.bbc.com/news/articles/c9dq9xwd97no,BBC News,UK
6,"Andrew and Tristan Tate will return to UK to face charges, lawyers say","Thu, 29 May 2025 20:33:38 GMT","Charges have been authorised by the CPS for offences including rape, actual bodily harm and human trafficking.",https://www.bbc.com/news/articles/c780ve2vg17o,BBC News,UK
7,"France to ban smoking on beaches, parks and near schools","Thu, 29 May 2025 17:48:11 GMT","Smoking will be banned in all outdoor places that can be frequented by children from July, France's health minister said.",https://www.bbc.com/news/articles/c7873veygv2o,BBC News,UK
8,Jack Draper edges past home favourite Monfils in late-night French Open thriller,"Thu, 29 May 2025 22:30:11 GMT",Jack Draper ensures there will be three British men in the French Open third round for the first time since 1968 by seeing off home favourite Gael Monfils in a late-night thriller.,https://www.bbc.com/sport/tennis/articles/c87jl5y1qydo,BBC News,UK
9,Why Succession creator Jesse Armstrong is writing about rich people again,"Thu, 29 May 2025 20:21:48 GMT",The Succession writer tells the Hay Festival about his fascination with who holds power in society.,https://www.bbc.com/news/articles/c1w3pd100q7o,BBC News,UK
10,Badenoch accuses Starmer and Farage of 'fantasy economics',"Fri, 30 May 2025 02:23:56 GMT","The Tory leader says the PM and Reform UK are in a ""race to the bottom"" to scrap the child benefit cap.",https://www.bbc.com/news/articles/cdd25lnd9jno,BBC News,UK
11,Tariffs court fight threatens Trump's power to wield his favourite economic weapon,"Fri, 30 May 2025 02:34:20 GMT","Despite the legal mire, all signs point to this being a battle the Republican president won't give up easily.",https://www.bbc.com/news/articles/cvg788jrxrro,BBC News,UK
12,From £1 tickets to super fences and hip-hop - Glastonbury through the years,"Fri, 30 May 2025 05:22:41 GMT",From humble beginnings to a global phenomenon - Glastonbury festival has evolved throughout the years.,https://www.bbc.com/news/articles/c9vg1y3rxx7o,BBC News,UK
13,The Papers: 'Face of Liverpool horror' and 'The end is Nige',"Thu, 29 May 2025 23:53:18 GMT",Photos of the suspect in the Liverpool victory parade incident dominate Friday's front pages.,https://www.bbc.com/news/articles/cgr51l17vzeo,BBC News,UK
14,Weekly quiz: How did this ship end up in a Norwegian garden?,"Thu, 29 May 2025 17:46:38 GMT",How much attention did you pay to what's being going on in the world this week?,https://www.bbc.com/news/articles/c5y29kplgkeo,BBC News,UK
15,Students or spies? The young Chinese caught in Trump's crosshairs,"Thu, 29 May 2025 21:56:07 GMT",The souring relationship between the nations has already caused issues for students at home and in the US.,https://www.bbc.com/news/articles/c1dezrrl3z3o,BBC News,UK
16,"Fraudster made £550,000 selling fake 'Scottish-grown tea'","Thu, 29 May 2025 17:25:39 GMT","Thomas Robinson imported leaf tea from abroad, then repackaged it and claimed it was grown in Perthshire.",https://www.bbc.com/news/articles/clyg59yn10mo,BBC News,UK
17,"A chainsaw, two hats and Lil X: Musk's eventful time at Doge","Thu, 29 May 2025 15:30:35 GMT",The world's richest man spent nearly 130 days working with the Trump administration to slash the federal government.,https://www.bbc.com/news/videos/c9dq990nvdno,BBC News,UK
18,Three endangered macaques born at monkey sanctuary,"Fri, 30 May 2025 05:35:27 GMT","The Barbary macaque is endangered, with fewer than 8,000 believed to live in the wild.",https://www.bbc.com/news/articles/cvg9rrz7d8do,BBC News,UK
19,"Sean 'Diddy' Combs raped and attacked ex-assistant, she tells court","Thu, 29 May 2025 22:20:12 GMT",The anonymous witness tells the jury she lived in fear of the hip-hop mogul's violent rages.,https://www.bbc.com/news/articles/c39xp379p0zo,BBC News,UK
20,Loose Women's Nadia Sawalha brands ITV cuts 'brutal',"Thu, 29 May 2025 16:05:04 GMT","The TV panellist says she ""could be let go tomorrow"" after ITV announced cuts to its daytime schedule.",https://www.bbc.com/news/articles/cdr5n6r054lo,BBC News,UK
21,Hawk that terrorised village given forever home,"Fri, 30 May 2025 05:21:03 GMT","A falconer says the bird has ""calmed down a lot"" since it was attacking the residents of Flamstead.",https://www.bbc.com/news/articles/cq690zg1vlro,BBC News,UK
22,Oasis fans' anger at Manchester gig ticket plan,"Thu, 29 May 2025 19:07:48 GMT","Fans are asked to opt-in to a ballot for the closest spots to the stage for ""safety"" reasons.",https://www.bbc.com/news/articles/c5y5qleq4xeo,BBC News,UK
23,BBC News app,"Wed, 30 Apr 2025 14:04:28 GMT","Top stories, breaking news, live reporting, and follow news topics that match your interests",https://www.bbc.co.uk/news/10628994,BBC News,UK
24,Is the Trump-Musk bromance now over?,"Wed, 28 May 2025 18:13:00 GMT",The tech titan has publicly disagreed with the president,https://www.bbc.co.uk/sounds/play/p0lf0p4s,BBC News,UK
25,Are (even more of) Israel’s allies turning against them?,"Wed, 28 May 2025 18:40:00 GMT",EU says Israeli strikes in Gaza 'go beyond what is necessary' to fight Hamas,https://www.bbc.co.uk/sounds/play/p0lf0yb8,BBC News,UK
26,Draper edges past Monfils in late-night French Open thriller,"Thu, 29 May 2025 22:30:11 GMT",Jack Draper ensures there will be three British men in the French Open third round for the first time since 1968 by seeing off home favourite Gael Monfils in a late-night thriller.,https://www.bbc.com/sport/tennis/articles/c87jl5y1qydo,BBC News,UK
27,Not the coming man much longer - Bethell's arrival is due,"Thu, 29 May 2025 20:32:52 GMT","Jacob Bethell's sparkling 82 in victory over West Indies in the first one-day international shows he will not be England's coming man much longer, writes Stephan Shemilt.",https://www.bbc.com/sport/cricket/articles/clygdzej8n3o,BBC News,UK
28,Overcoming struggles & Taylor's advice - Humphries seals triple crown,"Fri, 30 May 2025 00:33:03 GMT",Winning the Premier League sealed darts' triple crown for world number one Luke Humphries but he has needed to overcome personal struggles and has had advice from 16-time world champion Phil Taylor along the way.,https://www.bbc.com/sport/darts/articles/c4ge9451yngo,BBC News,UK
29,Liverpool parade crash suspect to appear in court,"Fri, 30 May 2025 04:08:39 GMT",Ex-Royal Marine Paul Doyle was charged on Thursday after 79 people were injured when a car hit fans.,https://www.bbc.com/news/articles/crk2l00p3r2o,BBC News,UK
30,"There's something about Mary, Queen of Stops","Fri, 30 May 2025 05:22:38 GMT",Mary Earps reflects on her journey to the top of her sport – and some of the big decisions en route - in a new BBC documentary.,https://www.bbc.com/sport/football/articles/cwynvwv3191o,BBC News,UK
31,Amad makes obscene gesture after 'personal abuse',"Thu, 29 May 2025 12:52:26 GMT",Manchester United say winger Amad responded to supporters with an obscene gesture after being subject to personal abuse.,https://www.bbc.com/sport/football/articles/clyzdle1x13o,BBC News,UK
32,"'I don't think I grieved, I don't think I thought it was real'","Thu, 29 May 2025 16:00:04 GMT","England midfielder Ella Toone says she didn't ""actually grieve"" after the death of her father until a period on the sidelines through injury forced her to get ""mentally right"".",https://www.bbc.com/sport/football/articles/c5ygevw550eo,BBC News,UK
